category_id,total_videos,total_views,total_likes,average_length,top_video_title,updated_at
234laptop,1,704506,10000,941.37,"BMW i3 REx roadtrip, charging, coding, and range test.",2026-07-25 11:35:17.479934
A Eris,1,171435,10000,746.2,SAĞLAM PSİKOLOJİYE SAHİP İNSANLARIN 7 ÖZELLİĞİ,2026-07-25 11:35:17.479934
A w a i H a n a,1,2763698,91000,1754.69,MASTERCHEF MEHMET İLE ŞIRDAN YAPTIK #UstaÇırak,2026-07-25 11:35:17.479934
A. M. A.,1,1379327,29000,1857.96,Bu Sohbeti SAKIN İzleme Sinirlerin Alt Üst Olur  |  Mehmet Yıldız,2026-07-25 11:35:17.479934
ALUX TAIWAN,1,229541,1200,42.4,Watch Extra Credits - Because Learning Matters,2026-07-25 11:35:17.479934
ARSamogin,1,17910494,462000,721.12,World's Lightest Solid!,2026-07-25 11:35:17.479934
Abdalluh Ahmad,1,107274,5700,1540.24,"Battle of Yarmouk, 636 ⚔️ Part 2/2",2026-07-25 11:35:17.479934
Abhay Mhatre,1,1892756,24000,592.4,Why Did Korea Split in to North and South?,2026-07-25 11:35:17.479934
Abriam Buggs,1,995280,8900,1554.28,Shenzhen: City of the Future. The high-tech life of China’s Silicon Valley,2026-07-25 11:35:17.479934
Adriano FERREIRA SCHIAVON,1,2320972,56000,605.67,Why Public Transportation Sucks in the US,2026-07-25 11:35:17.479934
Ahmad Mazen Tabbaa,1,2916851,43000,1058.28,Zu Gast bei einer muslimischen Familie | Galileo | ProSieben,2026-07-25 11:35:17.479934
Ahmed Gassama Productions,2,348938,10800,1004.42,Waterloo - The Truth behind Napoleon's final defeat,2026-07-25 11:35:17.479934
Ahmed Mostafa,1,2480254,25000,491.19,The Judge's Daughter and The Law Abiding Parking Person,2026-07-25 11:35:17.479934
Ahtisham Zul,1,204097,7500,1802.8,History Of Pakistan | What Happened in 1965 # 05 | Faisal Warraich,2026-07-25 11:35:17.479934
Akash Nair,1,2156425,58000,601.93,Sadhguru - Learn How To Sleep Correctly | TRY IT TONIGHT!,2026-07-25 11:35:17.479934
Aki,1,1680047,39000,560.5,How Elon Saved SpaceX & Tesla ... At The Same Time,2026-07-25 11:35:17.479934
Alessandro Vicchi,1,109759,473,99.63,Answers With Joe Channel Trailer 2017,2026-07-25 11:35:17.479934
Aletheia Goh,1,1873954,21000,1036.44,BEST Thai NIGHT MARKET Street Foods! - Rod Fai Train Market Tour,2026-07-25 11:35:17.479934
Ali Ekin,1,81228221,562000,249.83,Kiss Me I'm Desperate,2026-07-25 11:35:17.479934
Ali KeseN,1,10402053,270000,478.63,3.000.000 TL YENİ ARABA LAMBORGHINI,2026-07-25 11:35:17.479934
Alon Sandler,1,1381571,49000,432.17,How to Gain Self-Respect And CONFIDENCE - Jordan Peterson | Success Advice,2026-07-25 11:35:17.479934
Alyssa Meek,1,6362407,92000,814.88,SIMPLE GLAM Makeup Tutorial,2026-07-25 11:35:17.479934
Amaçsız Efe,1,10331162,129000,1147.87,ATEŞ VE SU,2026-07-25 11:35:17.479934
Ana Laura Gomez,1,81098915,672000,1816.05,ALL 5 GOLDEN BUZZER Britain's Got Talent 2018,2026-07-25 11:35:17.479934
Andre Rousseau,1,1271567,26000,917.52,5 Reasons Going To Mars is a TERRIBLE Idea | Answers With Joe,2026-07-25 11:35:17.479934
Andrea Crenshaw,1,5697328,212000,2369.62,Colleen Ballinger's Nursery Makeover!,2026-07-25 11:35:17.479934
Andrea Parlanti,1,2984214,61000,744.73,Jordan Peterson: Why Do Nice Guys Nice Finish Last? (MUST WATCH),2026-07-25 11:35:17.479934
Anna Jasmine K.,1,746834,12000,2333.92,Alain de Botton on Pessimism,2026-07-25 11:35:17.479934
Anna Raymondou,1,4931023,130000,756.42,Wearing The Ugliest Jeans In The World For A Week,2026-07-25 11:35:17.479934
Anna YRS,1,2355710,76000,769.64,YOUTUBERS REACT TO 90s INTERNET COMMERCIALS,2026-07-25 11:35:17.479934
Ante Čičak,1,4026570,96000,620.35,Jordan Peterson's Most Savage Comebacks (Highlights/Compilation) - NEW 2018!,2026-07-25 11:35:17.479934
Anıl Cinoğlu,2,2541184,59000,1566.3,Amerikada Silah ve Silah Aksesuarları Fiyatları,2026-07-25 11:35:17.479934
Anıl Şan,1,4669033,75000,663.4,Why Chinese Manufacturing Wins,2026-07-25 11:35:17.479934
Arda Senyurek,1,2151526,60000,331.13,BU SENDEN Mİ DÜŞTÜ ? - NESNELERİN SAHİBİNİ BUL,2026-07-25 11:35:17.479934
Artem & Alice,3,2882986,72700,776.02,Короб для хранения из газетных трубочек / Порядок на полках,2026-07-25 11:35:17.479934
Ashley Lira,1,5818663,241000,2218.48,Liza Koshy's Urban Outdoor Oasis Makeover! | OMG We're Coming Over,2026-07-25 11:35:17.479934
Autos & Vehicles,609,623997847,3425787,899.61,[HOONIGAN] KEN BLOCK'S GYMKHANA SEVEN: WILD IN THE STREETS OF LOS ANGELES,2026-07-25 11:35:17.479934
Autumn Queen Mangle Wild,1,9024530,89000,1173.87,What's in the Box Challenge!!!!!,2026-07-25 11:35:17.479934
Aylin Karayiğit,1,315362,5500,555.42,Benimle Düğüne Hazırlanın | Ece Targıt,2026-07-25 11:35:17.479934
Aндреј Бугариновић,1,1820761,32000,660.0,The True Story of Nikola Tesla [Pt.1],2026-07-25 11:35:17.479934
Balázs Ákos Vásárhelyi,1,10146306,263000,277.81,Idiot's Guide to Japanese Apartments,2026-07-25 11:35:17.479934
Batuhan Erdoğan,1,163412,4000,260.13,İZMİR'DEKİ NÜKLEER FÜZELER? | #bufotografgercek,2026-07-25 11:35:17.479934
Becca Tunstall,1,4059442,44000,1290.0,The Young Virgins at Bulgaria’s Controversial Bride Market,2026-07-25 11:35:17.479934
Bera Kürtül,1,3122162,149000,1140.24,TÜRKİYE'NİN EN ZOR PARKURUNU OYNADIK! (İLK YOUTUBERLAR),2026-07-25 11:35:17.479934
Berat Altunok,1,75133,3700,806.07,5 Things you must know before moving to Turkey,2026-07-25 11:35:17.479934
Berkay Doryan,1,22643511,154000,253.36,yirmi7 - Sokak Lambası (Official Video),2026-07-25 11:35:17.479934
Berna Karataş,1,196526,6700,212.2,Topluluk Önünde Konuşmanın Sırları,2026-07-25 11:35:17.479934
Bex,1,2578087,96000,1255.95,Hot Fire Smokey Eye Feat. The Jaclyn Hill Palette  | Jaclyn Hill,2026-07-25 11:35:17.479934
Beyza B.,1,110754,7800,523.04,"Beklentilerinden Kurtul, Hayal Kırıklığına Uğrama!",2026-07-25 11:35:17.479934
Bianca Leong,1,2819512,25000,1609.36,"She is My Son: Afghanistan's Bacha Posh, When Girls Become Boys",2026-07-25 11:35:17.479934
Bir Matematik Olimpiyatçısı,1,261384,14000,986.6,AŞIRI DÜŞÜNME BAĞIMLILIĞINDAN NASIL KURTULURSUN?,2026-07-25 11:35:17.479934
Black Beard,1,11654068,97000,1095.29,Judges GOT TALENT | BEST Moments | Got Talent Global,2026-07-25 11:35:17.479934
Bob Mcormick,1,2538269,55000,385.08,What Would You See If You Fell Into Neptune? (4K UHD),2026-07-25 11:35:17.479934
Brcic Mladen,1,5738030,191000,602.57,KEEP THEM POOR | This Is What The Richest Don't Want You To KNOW (an illuminating interview),2026-07-25 11:35:17.479934
Broken Screen,1,1141459,11000,209.88,PİLOTLARIN ASLA DUYMAK İSTEMEDİĞİ 7 SES,2026-07-25 11:35:17.479934
Bronte Webb,1,4206252,87000,252.69,Why Do These Songs Sound Exactly The Same? (Part 7),2026-07-25 11:35:17.479934
Bruno Alves,1,20703390,94000,5498.58,"Иван Васильевич меняет профессию (комедия, реж. Леонид Гайдай, 1973 г.)",2026-07-25 11:35:17.479934
Burak Karacam,1,385023,7700,301.88,Harika Küçük Kız - Absolut Müzik Kulağı !,2026-07-25 11:35:17.479934
Burak ORUÇ,13,45728411,1453000,923.75,KIRILMAZ CAMDAN PARA KASASI YAPTIRDIM !! (50.000tl ÖDÜL),2026-07-25 11:35:17.479934
Burning Lightfire,1,1066147,20000,414.28,BEZZIES with Milner and Robertson | 'I had to phone my Dad for one of the answers',2026-07-25 11:35:17.479934
Captions Created,1,12249,180,461.71,How To Build The Next Billion Dollar Startup,2026-07-25 11:35:17.479934
Carina Dulčić Maximino,1,403217,18000,482.84,The right colors for your skin tone: is this color warm or cool?  ǀ Justine Leconte,2026-07-25 11:35:17.479934
Carlos Echeverria Zapata,1,54902945,431000,460.96,The BEST FUNNY Auditions Britan's Got Talent 2017 Week 1,2026-07-25 11:35:17.479934
Carlos Eduardo de Oliveira,1,3399301,38000,1358.99,ALL Golden Buzzer by Ant and Dec on Britain's Got Talent,2026-07-25 11:35:17.479934
Carlos Ferreira,1,1374241,13000,3213.64,America's Got Talent 2019 | Part 2 | Auditions | Top Talent,2026-07-25 11:35:17.479934
CeNGaVeR,1,3576082,109000,904.04,BEN KİMİM OYNADIK! - KAFALAR,2026-07-25 11:35:17.479934
Ceylin Yücelen,1,218696,5500,354.96,Bakım Günü Rutini | Ece Targıt,2026-07-25 11:35:17.479934
Chaos Stuff,1,5419749,231000,692.11,If You Want To Know What It Takes To FIND and KEEP LOVE - WATCH THIS!,2026-07-25 11:35:17.479934
Che8812,1,1976341,40000,448.44,Alisson Becker's first day at LFC | Signing Day Vlog,2026-07-25 11:35:17.479934
Chen Zheng,1,5515380,104000,685.57,The Most Successful People Explain Why a College Degree is USELESS,2026-07-25 11:35:17.479934
Choco Krispis,1,5670479,103000,1600.84,Comedians That MADE SIMON COWELL LAUGH! | Top Talent,2026-07-25 11:35:17.479934
Comedy,1105,3084603531,29127986,1279.72,Will Ferrell and Chad Smith Drum-Off,2026-07-25 11:35:17.479934
Crystina & Dalí,1,6300809,86000,649.48,DO KIDS KNOW 90s DISNEY SONGS? (REACT: Do They Know It?),2026-07-25 11:35:17.479934
D :,1,5294357,84000,386.85,The Water City | Gujo Hachiman　名水の町・郡上八幡,2026-07-25 11:35:17.479934
D R,1,2013321,24000,625.27,Rise of the Rothschilds: The World's Richest Family,2026-07-25 11:35:17.479934
Dalia Vargas LM,1,10436581,224000,810.64,Japanese Dollar Store Makeup Challenge,2026-07-25 11:35:17.479934
Dana CMP2L,1,11708834,211000,966.63,Wearing Online Dollar Store Makeup For A Week,2026-07-25 11:35:17.479934
Dandalf,1,46104831,365000,1119.12,ANGRY TEEN AUDITIONS...Don't Mess With These Kids!,2026-07-25 11:35:17.479934
Danny Yukio,1,16675177,270000,801.68,Match the Job to the Person | Lineup | Cut,2026-07-25 11:35:17.479934
David Kim,1,51706184,520000,284.28,How Does A Homeless Man Spend $100?,2026-07-25 11:35:17.479934
Davut Arıcı,1,3044236,67000,1386.4,Bu Duayı Eden Ne İsterse Elde Eder |  Mehmet Yıldız,2026-07-25 11:35:17.479934
Deniz Yelimlieş,1,8533777,126000,1051.5,13. CUMA JASON ÖLDÜRDÜK,2026-07-25 11:35:17.479934
Dennis Bos,1,33267,965,724.2,Ten Hag: 'Ajax dit jaar nóg moeilijker te verdedigen' | UITGEBREID INTERVIEW,2026-07-25 11:35:17.479934
DennisTheZZZ,1,13205510,227000,592.17,TRY NOT TO EAT CHALLENGE! | Teens & College Kids Vs. Food,2026-07-25 11:35:17.479934
Deus Bourbon,1,1248885,18000,632.2,Why Spinosaurus Was The Greatest Predator Ever,2026-07-25 11:35:17.479934
Dj sonido.x X,1,12771513,65000,1908.77,The Champions on America's Got Talent 2019 | Auditions | WEEK 1 | Got Talent Global,2026-07-25 11:35:17.479934
Dogukan Kaan,1,302879,12000,423.36,Korece Nasıl Yazılır? | Acemi Korece,2026-07-25 11:35:17.479934
Dolphin Deep,1,26713109,199000,557.52,What Would You Choose to Survive? HARDEST TEST EVER,2026-07-25 11:35:17.479934
EMS Guerrero,1,4098368,35000,3126.0,Versailles' dirty secrets - Toute L'Histoire,2026-07-25 11:35:17.479934
Eckart Egger,1,991441,58000,421.71,Start taking BETTER photos TODAY! Composition in Photography,2026-07-25 11:35:17.479934
Eduardo Flores,1,6754871,49000,1583.58,BEST Magic Show in The World 2017 | Comedic Magician Britain's Got Talent,2026-07-25 11:35:17.479934
Eduardo-JS,1,2994326,51000,607.97,Why The Vertical Takeoff Airliner Failed: The Rotodyne Story,2026-07-25 11:35:17.479934
Education,1805,3883353588,19929204,1437.33,Yes Yes Vegetables Song | +More Nursery Rhymes & Kids Songs - CoCoMelon,2026-07-25 11:35:17.479934
Egemen Seyis,1,5646271,279000,1135.08,HAYIR DERSEN ÖLERSİN #2,2026-07-25 11:35:17.479934
Ekin Nur Cangir,1,49375,1800,254.45,"Diğer İnsan Türleri Neden Yok Oldu da, Biz Hayatta Kaldık?",2026-07-25 11:35:17.479934
Elianna Hersch,1,6173450,282000,763.55,I Let My Subscribers Pick My Hair Color,2026-07-25 11:35:17.479934
Elif Karabas,1,12856964,153000,554.39,TEENS GUESS THAT SONG CHALLENGE #4 (REACT),2026-07-25 11:35:17.479934
Eloïse Terrier,1,1079616,17000,375.32,Putin's Russia and the ghost of the Romanovs | The Economist,2026-07-25 11:35:17.479934
Emanuel Schott,1,3218464,39000,581.63,How Airlines Schedule Flights,2026-07-25 11:35:17.479934
Emerson Porras,1,822602,18000,385.48,Wooden skyscrapers could be the future for cities | The Economist,2026-07-25 11:35:17.479934
Emilio Moreno,1,9977258,278000,314.69,Kids Meet a Woman with Alzheimer's | Cut,2026-07-25 11:35:17.479934
Emily White,1,3986052,19000,2153.28,CRAZIEST TALENT All Around The World | Got Talent Global,2026-07-25 11:35:17.479934
Emir Öztaşkın,1,222135,7700,784.78,Deutsche reagieren auf AYA (Ezhel & Murda) und singen!,2026-07-25 11:35:17.479934
Emma Miranda Clark,1,5482378,187000,776.11,I Let Strangers Pick My Outfit,2026-07-25 11:35:17.479934
Emre Güler,1,7861984,36000,407.17,Uzaydan atlayan adam yeni Şok görüntüleri 3D Format,2026-07-25 11:35:17.479934
Emre Çiçek,1,1322293,5000,5205.6,Katma Değer Şaban - Eski Türk Filmi Tek Parça (Restorasyonlu),2026-07-25 11:35:17.479934
Enrique Lopez,1,599952,10000,369.0,Jürgen Klopp surprises local side at training | BetVictor 'Training SOS' Series 1 Ep1,2026-07-25 11:35:17.479934
Entertainment,5406,11188036853,85765910,1206.98,Try Not To Laugh Challenge - Funny Cat & Dog Vines compilation 2017,2026-07-25 11:35:17.479934
Erih Dahana,1,2250853,16000,1529.2,Zabbaleen: Trash Town. A whole community in Egypt that lives on rubbish,2026-07-25 11:35:17.479934
Erika Jasso,1,11705208,245000,762.47,3D-Printing My Own Custom Face Masks,2026-07-25 11:35:17.479934
Ertuğrul Beray Ardıç,1,13550330,409000,802.36,How People Disappear,2026-07-25 11:35:17.479934
Esra Kaya,1,394804,15000,855.31,"SUB) asmr일상, 따뜻한 겨울을 보내는법",2026-07-25 11:35:17.479934
Ex_Game,1,971177,8000,532.08,Kseniya Simonova Incredible Sand Art On Ukraine's Got Talent,2026-07-25 11:35:17.479934
FORB UZ,1,6825446,43000,3698.36,America's Got Talent 2019 Auditions! | WEEK 2 | Got Talent Global,2026-07-25 11:35:17.479934
Faab,1,65251,749,257.63,Politie #PRO247 Jaarcompilatie 2017,2026-07-25 11:35:17.479934
Fan Bec'nes,1,1121699,72000,681.12,How to recognize good vs. bad quality shoes | Justine Leconte,2026-07-25 11:35:17.479934
Felipe R. Angel,1,2064520,50000,604.87,Urban Geography: Why We Live Where We Do,2026-07-25 11:35:17.479934
Fernando Trebien,1,2647449,69000,682.4,Brazil's Geography Problem,2026-07-25 11:35:17.479934
Feyzullah Birışık,1,12345855,51000,352.6,Maher Zain - Neredesin (Turkish-Türkçe) | Official Lyric Video,2026-07-25 11:35:17.479934
Fikir Ötesi,1,5204762,118000,944.52,KRAL DAİRESİNDE 1 GÜN (Obama'nın Kaldığı Oda),2026-07-25 11:35:17.479934
Film & Animation,1766,2414657679,10626045,2077.16,Ali and Adriana Pretend Play in the children's Amusement Park! Family Fun Adventure,2026-07-25 11:35:17.479934
Firdaus F,1,1502406,35000,632.0,What Was the Biggest Company in History? - $7.9 Trillion!,2026-07-25 11:35:17.479934
Florian Kreuz,1,1504544,6700,604.4,Spiel 3: Handball - Show 42 - Schlag den Raab,2026-07-25 11:35:17.479934
Florián Rácz,1,11884057,287000,621.91,The Most Inspiring Speech: The Wisdom of a Third Grade Dropout Will Change Your Life | Rick Rigsby,2026-07-25 11:35:17.479934
Francesca Pinto,1,3113344,95000,672.77,HOW I DID MY MAKEUP IN HIGH SCHOOL | Jaclyn Hill,2026-07-25 11:35:17.479934
Gagan Gambhir,1,55830986,364000,1129.6,DIY Halloween Costumes Out of Candy! 15 DIY Projects for Halloween!,2026-07-25 11:35:17.479934
Gaming,76,83729896,1068946,1065.46,Celebrities Biggest WTF/Cringe Moments,2026-07-25 11:35:17.479934
Gamze Turbali,1,2163623,62000,1265.2,KÖYDE BİR GÜN GEÇİRMEK #2 | İZMİR (GÖDENCE),2026-07-25 11:35:17.479934
Gauro G,1,6328516,35000,528.91,The Funniest LEGO Jokes Ever,2026-07-25 11:35:17.479934
Geert Wirken,1,2519657,38000,619.77,How Geography Gave the US Power,2026-07-25 11:35:17.479934
Gülden Karataş,1,90541,4000,300.97,Stockholm Sendromunun Hikayesi,2026-07-25 11:35:17.479934
HAIHONG DONG,1,683915,2700,3502.8,BBC Documentary - Rich Russian and Living in London (Full HD 1080p),2026-07-25 11:35:17.479934
Hakan Emre Yan,1,5416843,105000,718.68,TEENS REACT TO TURKISH POP SONGS,2026-07-25 11:35:17.479934
HamoudKa حمودكا,1,6197175,114000,640.56,Elon Musk 'I Don't Give A Damn About Your Degree',2026-07-25 11:35:17.479934
Hamza Ozkan,1,560494,25000,735.94,O Fondöten'i Çıkar da Yüz Yüze Konuşalım - MAKYAJLI TESETTÜR  |  Mehmet Yıldız,2026-07-25 11:35:17.479934
Hannah Sophie,1,5064082,55000,674.57,Christmas Morning and Kamri's 14th Birthday Party! | Behind the Braids Ep.21,2026-07-25 11:35:17.479934
Hedef,1,2075002,16000,285.92,AYLETME BENİ - Eser Eyüboğlu,2026-07-25 11:35:17.479934
Hezztro,1,1983598,47000,63.56,Liverpool's dressing room celebrations after incredible Barcelona comeback,2026-07-25 11:35:17.479934
Hicabi Kaynak,1,4269029,58000,823.93,What did NASA's New Horizons discover around Pluto?,2026-07-25 11:35:17.479934
Howto & Style,4066,7653182573,77606993,845.75,42 HOLY GRAIL HACKS THAT WILL SAVE YOU A FORTUNE,2026-07-25 11:35:17.479934
Héber Sales,1,642608,12000,493.8,PSYCHOTHERAPY - Jacques Lacan,2026-07-25 11:35:17.479934
InPandaMask,1,4021476,67000,518.35,"KIDS REACT TO CARTOON NETWORK - 25TH ANNIVERSARY (Powerpuff Girls, Dexters Laboratory & More!)",2026-07-25 11:35:17.479934
Irene Dong,1,15796339,248000,987.61,"Trying Clickbait Beauty ""Hacks"" From Facebook",2026-07-25 11:35:17.479934
Irmak Polo,1,921779,21000,1132.2,"YENİ EVİM, YOUTUBERLARLA PİJAMA PARTİSİ!",2026-07-25 11:35:17.479934
Isabel Minerva,1,463592,9900,384.0,Ways Pickpockets Steal Your Money,2026-07-25 11:35:17.479934
Isabelle Antoine,1,6413496,24000,3001.07,ALL Golden Buzzer Britain's & America's Got Talent,2026-07-25 11:35:17.479934
J D,1,1084166,32000,638.85,The 48 Laws Of Power  - 11 MOST POWERFUL Laws (Ft. Illacertus),2026-07-25 11:35:17.479934
Jaime Marsa,1,8034942,34000,154.99,The Devil Wears Prada (1/5) Movie CLIP - Gird Your Loins! (2006) HD,2026-07-25 11:35:17.479934
Jeremiah - Roblox & More!,1,7367777,194000,626.21,The Green Beret who went on a one man Rampage to save his Comrades,2026-07-25 11:35:17.479934
Jiawei Zhang,1,1700733,43000,710.8,How Hong Kong Changed Countries,2026-07-25 11:35:17.479934
Joachim Moczko,1,684405,15000,2051.98,1930s Electric Shear [Restoration],2026-07-25 11:35:17.479934
Joanne Candor,1,8907150,245000,1464.05,Trying Products That Asked To Sponsor Me (Not Sponsored),2026-07-25 11:35:17.479934
Jose Juan FTO,1,7712242,57000,1299.9,Jon Dorenbos Auditions & Performances America's Got Talent 2016 Finalists,2026-07-25 11:35:17.479934
Joseph Macchia,1,2083250,18000,716.17,Continental Drift,2026-07-25 11:35:17.479934
JoyKar Li,1,77644834,292000,279.6,Müslüm Gürses - Affet,2026-07-25 11:35:17.479934
Joyce Charlotte León Sánchez,1,4282649,26000,2903.44,Mary I - Bloody Mary (British Monarchy Documentary) | Timeline,2026-07-25 11:35:17.479934
Juan Álvaro,1,3037100,24000,3468.33,TOP 10 Singing Auditions On America's Got Talent 2019! | Got Talent Global,2026-07-25 11:35:17.479934
Justyna Cieciora,1,1143333,45000,594.36,"How French women wear perfume & how to apply it | ""Parisian chic"" | Justine Leconte",2026-07-25 11:35:17.479934
Jørgen Spo Madsen,1,33196817,203000,492.06,Prince Performs “Purple Rain” During Downpour | Super Bowl XLI Halftime Show | NFL,2026-07-25 11:35:17.479934
K. Samuel,1,1734046,34000,558.6,Fanta: How One Man In Nazi Germany Created a Global Soda,2026-07-25 11:35:17.479934
KINGs BL4Z3,1,7872794,33000,334.1,The Smartest Kids in the Universe,2026-07-25 11:35:17.479934
KS,1,2511894,5100,1391.28,Dropshipping nedir? Stoksuz eticaret yaparak nasıl pasif gelir üretilir?,2026-07-25 11:35:17.479934
Kak Zovut,1,14094754,84000,380.84,COMEDY WOMAN. Камеди вуман. Ревнивая жена.,2026-07-25 11:35:17.479934
Kansız,1,9642697,105000,750.87,MERMİYE KAFA ATMAK,2026-07-25 11:35:17.479934
Kelsey J,1,9282267,365000,1395.98,I Dressed Like YouTubers For A Week,2026-07-25 11:35:17.479934
Kerem Gamer,1,3617052,115000,1155.04,TEKNOLOJİ OLMADAN 1 GÜN GEÇİRMEK! ( YOUTUBERLARIN DÜŞÜŞÜ),2026-07-25 11:35:17.479934
Kitsch,1,1907217,30000,2328.87,Inside Brazil's Biggest Prison Beauty Pageant,2026-07-25 11:35:17.479934
Ksenia Remneva,1,604386,11000,784.84,Inside Anfield: Liverpool 5-0 Huddersfield | Alex Oxlade-Chamberlain returns to action,2026-07-25 11:35:17.479934
Kubra Nur Celik,1,219081,10000,773.64,Özgüven Eksikliğini Yenmek Mümkün,2026-07-25 11:35:17.479934
Kuro Usagi,1,2596851,52000,1022.82,First Time Trying TRADITIONAL Filipino Food,2026-07-25 11:35:17.479934
L,1,888764,0,1650.19,Your Brain on Tech - Mind Field S2 (Ep 4),2026-07-25 11:35:17.479934
Laurent Garnier,1,446488,6000,1886.09,The Blockchain and Us (2017),2026-07-25 11:35:17.479934
Learning Notes,1,1409760,14000,684.96,What will be the biggest stories of 2019? | Part One | The Economist,2026-07-25 11:35:17.479934
Leila J,1,570488,22000,2070.15,BEST COLOURPOP MAKEUP 2019 - ALL THE Must Haves + My NEW BLUSHES!!!,2026-07-25 11:35:17.479934
LemonN,1,4048517,120000,488.68,How to Make Butter – The Victorian Way,2026-07-25 11:35:17.479934
Leon Fetzenfisch,1,2342442,37000,496.44,PHILOSOPHY - Michel Foucault,2026-07-25 11:35:17.479934
Li C.,1,3553767,74000,702.08,A New Way To Apply Lipstick! Laneige Lip Cards - Tina Tries It,2026-07-25 11:35:17.479934
Lichi Chung,1,3371742,115000,624.79,My Boyfriend Does My Makeup,2026-07-25 11:35:17.479934
Lisato,1,1114715,39000,406.48,Virgil Van Dijk quizzed by 8 year-olds | 'Can you ring Jürgen Klopp?',2026-07-25 11:35:17.479934
Little Chucky,1,3008930,26000,671.76,"Gerrard back at Melwood with Klopp, Carol & Caroline  | THIS IS MELWOOD - Presented by BetVictor",2026-07-25 11:35:17.479934
Luca Scarpellini,1,254681,12000,359.64,How to Make Brown Bread Pudding - The Victorian Way,2026-07-25 11:35:17.479934
LucasG7,1,2048807,33000,439.4,NATO vs BRICS - What's The Difference & How Do They Compare?,2026-07-25 11:35:17.479934
Luis Miguel Manrique,1,9404968,122000,940.11,Top Drag Queens on Got Talent! | Got Talent Global,2026-07-25 11:35:17.479934
Maddie Strickland,1,7825148,250000,1029.7,I Got Custom Clothes From An App,2026-07-25 11:35:17.479934
Magikal,1,10517444,297000,1712.5,I Built An At-Home Spa From Amazon Products,2026-07-25 11:35:17.479934
Magrament Aek,1,4693316,102000,602.8,10 Habits Of All Successful People!,2026-07-25 11:35:17.479934
Mariano Colombo,1,66031550,1000000,297.0,13 Year Old Singing Like a Lion Earns Howie's Golden Buzzer America's Got Talent,2026-07-25 11:35:17.479934
Marit Van Den Hoven,1,566122,1700,182.56,Hoe worden klompen gemaakt? | Het Klokhuis,2026-07-25 11:35:17.479934
Martorus,1,8520428,208000,956.79,I Bought The First 5 Things Snapchat Recommended To Me,2026-07-25 11:35:17.479934
Maude Olivier,1,903971,14000,270.34,"Top 10 Things to Do: Istanbul, Turkey",2026-07-25 11:35:17.479934
Maura Irigoyen,1,2848528,53000,931.63,Simon Sinek: CHANGE YOUR FUTURE - Life Changing Motivational Speech,2026-07-25 11:35:17.479934
Mayasem,1,1831208,32000,433.93,NASA vs SpaceX - What's The Difference?,2026-07-25 11:35:17.479934
Mehtap,1,25209809,211000,427.08,DOĞA İÇİN ÇAL 9 - HEY ONBEŞLİ,2026-07-25 11:35:17.479934
Mika Crestoni,1,15864743,140000,728.43,ALL DAY (literally!!!) Ice Cream Challenge!!!,2026-07-25 11:35:17.479934
Mikaeli Bain,1,13764844,302000,1135.18,"Trying Clickbait Clothing ""Hacks"" From Instagram",2026-07-25 11:35:17.479934
Minecraft Hipster,1,3749464,56000,1294.03,MOST UNIQUE INSTRUMENT AUDITIONS On Got Talent! | Top Talent,2026-07-25 11:35:17.479934
Minh Quang Đoàn,1,3025385,39000,1041.71,RARE Vietnamese Mountain Food in the Most Colorful Market in the World! - Bac Ha Market,2026-07-25 11:35:17.479934
Mira Tv,1,27346309,450000,728.13,VIRAL ASIAN MAKE UP TRANSFORMATION TUTORIAL,2026-07-25 11:35:17.479934
Mo7x,1,1948177,39000,297.0,Why Airlines Sell More Seats Than They Have,2026-07-25 11:35:17.479934
Muhammad Rhafshan Suhanan,1,6288470,47000,2727.06,America's Got Talent 2019 Auditions! | WEEK 4 | Got Talent Global,2026-07-25 11:35:17.479934
Muhammed Samed YILDIZ,1,863190,20000,751.0,The Prophecy about the Turks - Signs of the Final Days,2026-07-25 11:35:17.479934
Music,5474,19884479798,88658869,621.49,The Cranberries - Zombie (Official Music Video),2026-07-25 11:35:17.479934
Mésange117,1,7930511,36000,363.2,Orques VS baleineau : l'incroyable histoire - ZAPPING SAUVAGE,2026-07-25 11:35:17.479934
N F,1,653621,18000,391.68,Wijnaldum & Origi pick their GOAT 'Champions League Comebacks' | 'Let's respect the OGs',2026-07-25 11:35:17.479934
Nanc,1,7627244,125000,1421.19,Bibimbap (비빔밥) & Dolsot-bibimbap (돌솥비빔밥),2026-07-25 11:35:17.479934
Nat Nattawan,1,109927658,546000,380.56,Maher Zain - Number One For Me (Official Music Video) | ماهر زين,2026-07-25 11:35:17.479934
Natural Health,2,17104678,115000,493.69,Your Ears Can Indicate Your Health: Don't Ignore These 8 Factors,2026-07-25 11:35:17.479934
Nefham free lessons,1,5853227,81000,383.96,Salah's first day at LFC | Signing day vlog series,2026-07-25 11:35:17.479934
New Kan,1,3779054,51000,595.27,Genghis Khan - Temüjin the Child - Extra History - #1,2026-07-25 11:35:17.479934
News & Politics,3760,2022712143,16541085,1151.0,Прямой эфир NEWSONE,2026-07-25 11:35:17.479934
Nguyet Nguyen,2,1461937,36000,684.02,COSRX Review : Korean Skincare For Acne Prone Skin ❤ Liah Yoo,2026-07-25 11:35:17.479934
Nguyên Trang Đoàn,1,163576,7600,521.62,Reset Routine | Getting My Life Back Together,2026-07-25 11:35:17.479934
Nhạc Linh Lý,1,7848355,222000,360.44,"If You Want to Change the World, Start Off by Making Your Bed - William McRaven, US Navy Admiral",2026-07-25 11:35:17.479934
Nikki Bautista,1,14043803,327000,1040.21,I Bought The First 5 Things Insta Celebs Recommended To Me,2026-07-25 11:35:17.479934
Nimetten esintiler,1,2119329,38000,205.32,Avrupa'da Türk Parası Kullanmak - Hayrettin,2026-07-25 11:35:17.479934
Nitsan Even,1,1816061,47000,320.44,La décision qui va changer votre vie - vidéo d'inspiration,2026-07-25 11:35:17.479934
Niz,1,18005596,198000,1851.48,When Judges BUZZ Too Soon! | Britain's Got Talent | Got Talent Global,2026-07-25 11:35:17.479934
No mature content,162,244142523,1067162,3410.11,The Greater Good - Mind Field S2 (Ep 1),2026-07-25 11:35:17.479934
Nonprofits & Activism,561,236047365,2241906,2088.94,Семиклассница родила от учителя математики. Прямой эфир,2026-07-25 11:35:17.479934
Noura Dolce,1,3380228,62000,292.19,Pulizia del Viso FAI DA TE in 6 Step! | Adriana Spink,2026-07-25 11:35:17.479934
OgVO,1,133957,8000,414.81,KIZIL MEYDANA İNEN UÇAK,2026-07-25 11:35:17.479934
Ogeday İnan,1,3250171,60000,422.64,En Kral Çakma Telefonları Satıyoruz Diyen Mağazanın Tüm Telefonlarını Aldık! (Mutlu Sonlu),2026-07-25 11:35:17.479934
Ognjen Basic,1,3956616,85000,421.42,Is Glass a Liquid?,2026-07-25 11:35:17.479934
Onur Fişek,1,50238,231,1716.48,Fethullah Gülen'in Yaptığı 5 Stratejik Hata,2026-07-25 11:35:17.479934
Oruch Retro,1,5660347,103000,756.16,Allah'ın Varlığı Belirsiz Diyen Genç İle Sokak Röportajı - Serkan Aktaş,2026-07-25 11:35:17.479934
PRO PLAYERS,1,5887919,96000,478.31,TEENS REACT TO 100 TYPES OF WALKS,2026-07-25 11:35:17.479934
Panphaporn Kaonuam,1,97303522,954000,1503.64,THE SACRED RIANA WINS ASIA'S GOT TALENT 2017 | All Auditions & Performances | Got Talent Global,2026-07-25 11:35:17.479934
People & Blogs,7144,6623154135,53789594,1023.42,Cry Baby Dolls by Cry Babies /Рутина маленького блогера /Катя- мама /Nursery Rhymes / Pretend Play,2026-07-25 11:35:17.479934
Pets & Animals,61,150276245,1134557,688.15,MAN AND BEAST - Part 41,2026-07-25 11:35:17.479934
PewDiePie Fan ✅,1,12615979,166000,479.8,Insane Way El Chapo Escaped Prison,2026-07-25 11:35:17.479934
PikoTV Sales 1,1,13941618,75000,293.17,Zeynep Bakşi Karatağ – Talihim Yok Bahtım Kara  [ Mozaik © 2016 Kalan Müzik ],2026-07-25 11:35:17.479934
Piscer piscerovska,1,904422,5700,2750.0,Trashopolis S02 E05: Mumbai,2026-07-25 11:35:17.479934
Polyamory God Mgtow,2,6146538,79000,487.62,Richest People In Different Countries,2026-07-25 11:35:17.479934
Prithvi Dawoky,1,13147563,324000,351.36,"Liverpool players react to their FIFA 20 ratings | Van Dijk with Salah, Mane, Firmino and more",2026-07-25 11:35:17.479934
Quennie Jane,1,7730470,222000,1182.1,Trying A Full Face Of Japanese Drugstore Makeup,2026-07-25 11:35:17.479934
Quân Trần Hồng,1,1559791,25000,565.37,This Is What Will Happen When The World Runs Out Of Oil,2026-07-25 11:35:17.479934
Rabia Esra ÇETİNKAYA,1,639744,16000,746.36,Psikolojinin Bozuk Olduğunu Gösteren 12 İşaret,2026-07-25 11:35:17.479934
Rabia Kaya,1,314540,16000,514.92,Olumlu Düşünmenin Yolları,2026-07-25 11:35:17.479934
RangerOs,1,6070961,101000,1363.24,GENERATIONS REACT TO ELECTION 2016,2026-07-25 11:35:17.479934
Rebekah Tackoor,1,7786134,212000,819.57,I Tried A 10-Step Korean Skincare Routine For A Month,2026-07-25 11:35:17.479934
Reki Andika,1,3436151,44000,546.9,How Rockefeller Built His Trillion Dollar Oil Empire,2026-07-25 11:35:17.479934
Rezowan,1,3291256,21000,750.48,"DHAKA, BANGLADESH | The Most Densely Populated City in the World",2026-07-25 11:35:17.479934
Romero Paoliello,1,1170302,29000,1018.12,Champions League moments and memes | Klopp and Pep's incredible account of the Road to Madrid,2026-07-25 11:35:17.479934
Rosangel Dias,1,7142491,151000,509.71,Kid Singer Gets GOLDEN BUZZER From His FAVOURITE Judge On America's Got Talent | Got Talent Global,2026-07-25 11:35:17.479934
Rukiye Ayaz,1,56531,3300,511.84,İlişkilerde Hangi Sorunlar Çözülür Hangileri Çözülmez?,2026-07-25 11:35:17.479934
Rynkk,1,814423,17000,1227.83,Operation Market Garden | Animated Mini-Documentary,2026-07-25 11:35:17.479934
Sah Kardeşler,1,6823538,69000,318.56,Atatürk'e Benzeyen Adam Ağlattı,2026-07-25 11:35:17.479934
Samira de Oliveira,1,24291940,98000,3611.67,TOP 10 Auditions Singing SURPRISES & EMOTIONAL Worldwide | You Never Forget,2026-07-25 11:35:17.479934
Sandra_134340,1,15704590,418000,1407.03,I Got My Makeup Collection Professionally Organized,2026-07-25 11:35:17.479934
Sara Karlovic,1,1706270,48000,488.08,Bezzies with Salah & Lovren | 'Sometimes I give him chocolate to keep him calm',2026-07-25 11:35:17.479934
Sara Murgia,1,10454036,151000,618.53,This Blind Date Did NOT Go How We Assumed | Tell My Story,2026-07-25 11:35:17.479934
Scaredy,1,17276795,80000,246.55,Pera feat. Toygar Işıklı - Unut (Official Video),2026-07-25 11:35:17.479934
Science & Technology,691,1085178713,8370928,1345.26,"Amazing Fastest Skill Cutting Big Tree ChainSaw Machines, Heavy Biggest Felling Tree Machine working",2026-07-25 11:35:17.479934
Sefa Yilmaz,1,875799,31000,691.52,KAFAYA TAKMAMA SANATI: NASIL BAŞARIRIM?,2026-07-25 11:35:17.479934
Sergio Castillo Otero,1,8545814,80000,2796.12,Michael Jackson's maid reveals sordid Neverland secrets | 60 Minutes Australia,2026-07-25 11:35:17.479934
Sergio R. M.,1,73300944,299000,873.34,Top KID DANCERS From Across The World! | Got Talent Global,2026-07-25 11:35:17.479934
SeriouslyItsJustMe,1,3176712,61000,485.25,Voices Behind Famous Cartoon Characters,2026-07-25 11:35:17.479934
Shay B,1,6441129,33000,3036.88,Mortimerian Tales - Bob Mortimer on Would I Lie to You? - Part 1,2026-07-25 11:35:17.479934
Skadoodledoo,1,2042595,21000,452.37,KIDS TRY 90s DRINKS! | Kids Vs. Food,2026-07-25 11:35:17.479934
Soafara,1,11183719,123000,943.54,Madagascar Street Food!!! Super RARE Malagasy Village Food!,2026-07-25 11:35:17.479934
Sports,1005,1392704688,9403905,844.08,Impossible Climb Arette | Modified Monster Bikes | Hill Climb,2026-07-25 11:35:17.479934
Sun Cohen,1,2261086,12000,234.03,MAGICIAN Surprises Judges on Israel's Got Talent | Got Talent Global,2026-07-25 11:35:17.479934
Superstar2058_HD_,1,1662730,44000,841.27,Is Amazon Too Big?,2026-07-25 11:35:17.479934
Sylveon Paw,1,7675871,125000,728.23,Singing Sensation Celine Tam Gets GOLDEN BUZZER On World's Got Talent 2019! | Got Talent Global,2026-07-25 11:35:17.479934
Taghread Badr,1,4819382,9800,2772.0,DOCUMENTARIES : THE SAUDI ROYAL FAMILY,2026-07-25 11:35:17.479934
Talha AKKUŞ,1,192007,4500,510.08,Tünzale Agayeva Ses Analizi (Azerbaycan'ın Güçlü Sesi),2026-07-25 11:35:17.479934
Tatiana Lopes,1,5715863,0,527.04,Why Some Countries Are Poor and Others Rich,2026-07-25 11:35:17.479934
Taylor Vazquez,1,9586238,231000,1056.68,I Tried 4 Different Personalized Style Boxes,2026-07-25 11:35:17.479934
Thare Bladre,1,2514229,112000,321.04,EN HAİNİMİZ KİM? SORU-CEVAP,2026-07-25 11:35:17.479934
The Apollo,1,16082663,60000,279.37,Sagopa Kajmer & Bergen-Affetmem 2018,2026-07-25 11:35:17.479934
TheHackerHeros,1,13642109,188000,794.59,Try Not To Eat Challenge - Disney Food #2 | People Vs. Food,2026-07-25 11:35:17.479934
TheHappyhaki,1,16902239,302000,467.68,People Guess the Sexual Orientation of Strangers | Lineup | Cut,2026-07-25 11:35:17.479934
Tik Tok,1,6456379,87000,448.92,12 Unexpected Uses for Vicks VapoRub,2026-07-25 11:35:17.479934
Timurtaş,1,64483224,169000,248.12,AHMET KAYA - SÖYLE,2026-07-25 11:35:17.479934
Travel & Events,725,806247879,6805545,1191.56,"Hong Kong Street Food. Chopping Piglets, Ducks, Pigeons, Chickens in Sham Shui Po",2026-07-25 11:35:17.479934
UNKNOWN,212,84520684,1624394,1568.57,LoL Animated: Season 1 Complete,2026-07-25 11:35:17.479934
Ulker Rasulzadeh,1,1464821,66000,449.08,RİHANNA MI? ŞEHİTLERİMİZ Mİ? - BU VEFA TESTİNİ SEN GEÇEBİLECEK MİSİN?-SOKAK RÖPORTAJI - İrfan Aykut,2026-07-25 11:35:17.479934
V,1,1061306,0,1546.59,Do You Know Yourself? - Mind Field (Ep 8),2026-07-25 11:35:17.479934
Valentina Gozzoli,3,1673730,60000,458.8,My French make-up routine for everyday (5 minutes) | Justine Leconte,2026-07-25 11:35:17.479934
Valerie Pieters,1,427646,1600,202.16,Hoe slapen dolfijnen? | Het Klokhuis,2026-07-25 11:35:17.479934
Vidura Madhubhasha,1,1311701,5800,1892.96,Britain's Got Talent 2019 | Part 2 | Auditions | Top Talent,2026-07-25 11:35:17.479934
VigorousVicious,1,4795490,66000,998.83,"**Multi-Award-Winning** CGI Animated Short: ""The Looking Planet"" - by Eric Law Anderson | TheCGBros",2026-07-25 11:35:17.479934
Vinicius Sena,1,996094,53000,325.02,Neutron Star Merger Gravitational Waves and Gamma Rays,2026-07-25 11:35:17.479934
Vq,1,31392695,107000,2024.22,Japanese Street Food - VENOMOUS SEA SNAKE Okinawa Seafood Japan,2026-07-25 11:35:17.479934
Web Translators International,1,2620648,71000,372.0,VALENTINE'S DAY GOLD DIGGER PRANK!,2026-07-25 11:35:17.479934
Wei4Green,1,5752984,70000,732.27,Why China Is so Good at Building Railways,2026-07-25 11:35:17.479934
Yanuar,1,3263913,51000,597.1,DO TEENS KNOW 90s MUSIC? #7 (REACT: Do They Know It?),2026-07-25 11:35:17.479934
Youtube Dünyası,1,10197714,327000,1236.86,HAYIR DERSEN ÖLERSİN! #CHALLENGE,2026-07-25 11:35:17.479934
Yujung Kim,3,18901472,264000,593.83,How to Contour for Beginners - Tina Yong,2026-07-25 11:35:17.479934
Yusuf Soylu,1,12998542,37000,233.48,Manuş Baba - Derin Derin Sevdalara Dalarsın (Official Audio),2026-07-25 11:35:17.479934
Zeynep I,1,14353418,387000,927.36,My life in North Korea vs South Korea,2026-07-25 11:35:17.479934
Zübeyde Gül,1,88476,2700,249.16,Hayatının Amacı Ne?,2026-07-25 11:35:17.479934
[emirKingsTR ],2,264695,14600,611.12,İnternetin Sahibi Kim?,2026-07-25 11:35:17.479934
abdelhamid el haraki,1,5470735,43000,882.4,HILARIOUS Impressionists On Britain and America's Got Talent! | Top Talent,2026-07-25 11:35:17.479934
aeciosouza,1,9431275,20000,634.73,"AV-8B Harrier Pre-flight, Conventional Takeoff & Landing.",2026-07-25 11:35:17.479934
allwasmiex,1,18723910,146000,832.46,Angelica Hale's Journey To Super Star America's Got Talent 2017,2026-07-25 11:35:17.479934
annamaria ch,1,41228471,210000,492.76,School Morning Routine EXPECTATIONS vs REALITY,2026-07-25 11:35:17.479934
aswe9815,1,399565025,1300000,390.36,Eagles - Hotel California (Lyrics),2026-07-25 11:35:17.479934
biscountches,1,4438042,87000,349.8,Lipstick Hacks You Need To Know | Tina Yong,2026-07-25 11:35:17.479934
blocket1111,1,855872,34000,507.52,Find your style - in 6 steps | Justine Leconte,2026-07-25 11:35:17.479934
c c s u b,1,499074,29000,604.02,10 Simple Daily Habits to Change Your Life 💫,2026-07-25 11:35:17.479934
ddGrandahl,1,2369136,35000,307.44,Yanlış İnsana Aşık Olduğunuzun 6 İşareti,2026-07-25 11:35:17.479934
deniz,1,2306087,49000,753.6,INSTAGRAM FAN SAYFALARINI İNCELEDİM,2026-07-25 11:35:17.479934
doan my,1,38090850,184000,2738.0,At the Hospital | Funny Episodes | Classic Mr Bean,2026-07-25 11:35:17.479934
efaltia // XARA,1,11754308,307000,978.6,I Tried Following A Simply Nailogical Nail Art Tutorial,2026-07-25 11:35:17.479934
elslovako,1,3517073,62000,943.77,Why Cities Are Where They Are,2026-07-25 11:35:17.479934
enmakun0,1,21581127,55000,1489.89,Japanese Street Food - BLUEFIN TUNA CUTTING SHOW & SUSHI / SASHIMI MEAL,2026-07-25 11:35:17.479934
esengül Birler,1,290904,9100,810.53,Aygun Beyler Ses Analizi (Nasıl Bir Ruh Hali ?),2026-07-25 11:35:17.479934
esra,1,2812414,88000,746.21,LIVING WITH A TURKISH FAMILY IN IZMIR 🇹🇷,2026-07-25 11:35:17.479934
exiana kitten's life,1,1537961,31000,777.08,NEVER Do These 10 Things in JAPAN!,2026-07-25 11:35:17.479934
ferb,1,10134780,343000,1603.48,I Tried Following A Soap Art Tutorial,2026-07-25 11:35:17.479934
hasan caglar,1,3849162,110000,783.32,KAŞ KAZITTIK ! (DÜNYANIN EN KÖTÜ CEZASI ),2026-07-25 11:35:17.479934
hvszk,1,1390675,23000,449.92,Inside Munich: Bayern 1-3 Liverpool | An incredible night at the Allianz,2026-07-25 11:35:17.479934
hải hoàng đinh,1,3793153,19000,1584.0,"How to trap wild boar, survival in the tropical rainforest, ep 49",2026-07-25 11:35:17.479934
izsák,1,144927,6500,617.75,KIBRIS'IN ÖTEKİ YÜZÜ | 2. BÖLÜM | Beşparmak Dağları'nda Bir Tank,2026-07-25 11:35:17.479934
julie even,1,3339063,41000,368.42,What's Inside of the White House?,2026-07-25 11:35:17.479934
julie manu,1,29437778,455000,355.39,Is This Contestant Really Lip Syncing? | X Factor Global,2026-07-25 11:35:17.479934
karim altaariq,1,2705447,9600,4722.68,"Decision: Liquidation (4K) series 1,2 (action movie, English subtitles) / Решение о ликвидации",2026-07-25 11:35:17.479934
marcos kaua,1,8413979,46000,2260.02,The Champions on America's Got Talent 2019 | Auditions | WEEK 4 | Got Talent Global,2026-07-25 11:35:17.479934
mikolaj vidler,1,472866,10000,473.94,Bayer: Need Some Heroin for Your Cough?,2026-07-25 11:35:17.479934
moonserose,2,230043,6900,542.56,Taksim'de Bir Sokak Şarkıcısı ! Merve Uyanık - Bizde Ne Sesler Var (BNSV) #7,2026-07-25 11:35:17.479934
murat gülsoy,1,339930,8100,540.17,"SOVYET YAPIMI ""TÜPLÜ"" YOLCU JETİ; TUPOLEV 155!",2026-07-25 11:35:17.479934
music space,1,5089855,40000,346.0,"""The Middle East"" | Russell Peters - The Green Card Tour",2026-07-25 11:35:17.479934
nb276,1,1101484,35000,406.95,25 ASTUCES PSYCHOLOGIQUES QUI VOUS AIDERONT À OBTENIR TOUT CE QUE VOUS VOULEZ | Lama Faché,2026-07-25 11:35:17.479934
odile Nicolas-Etienne,1,869421,15000,663.0,Mel Robbins | One of the Best Talks Ever on Self-Motivation,2026-07-25 11:35:17.479934
orrav,1,780429,7100,362.7,EMOTIONAL Sand Art Audition Brings Judge to Tears On Israel's Got Talent! | Got Talent Global,2026-07-25 11:35:17.479934
pazartesiiii,1,532440,8700,559.29,MAVİnin en güzel tonları | FİLİPİNLER,2026-07-25 11:35:17.479934
pboca,1,79058460,425000,614.98,If ANIMALS were CAKE... AMAZING CAKE Compilation!,2026-07-25 11:35:17.479934
rez1611,1,2436729,8700,4165.76,"Жестокий романс. Серия 1 (драма, реж. Эльдар Рязанов, 1984 г.)",2026-07-25 11:35:17.479934
shamir rizwan,1,7061407,56000,294.53,Magician Gets Judge To Perform His Magic Trick!! | Britian's Got Talent | Got Talent Global,2026-07-25 11:35:17.479934
smurfsa164,1,1799450,30000,3051.88,5 Günde B1 İngilizce öğreniyorum Ders 1 - En İyi Online İngilizce Kursu,2026-07-25 11:35:17.479934
taylan altan,1,6942965,147000,884.96,ANLA BAKALIM OYNADIK! - KAFALAR,2026-07-25 11:35:17.479934
taylan yorulmaz,1,322791,17000,837.64,Kafaya Takmamak İçin Pratik Öneriler,2026-07-25 11:35:17.479934
thekeytomyheart_,1,10466355,261000,813.4,Mixing All My Eyeshadows Together,2026-07-25 11:35:17.479934
thien an tran ha,1,3908283,51000,497.67,Japanese Horrific Serial Killer - Tsutomu Miyazak (The Human Dracula),2026-07-25 11:35:17.479934
ughitsashley,1,569717,16000,752.67,THIS is why I DONT use my Dyson Anymore!! | how I blow dry my hair,2026-07-25 11:35:17.479934
veryzet,1,262105,11000,364.8,Sen Aslında Kimsin? Kendini Tanıma Yolu,2026-07-25 11:35:17.479934
vishal verma,1,5876320,83000,762.2,India's Geography Problem,2026-07-25 11:35:17.479934
walid yahiaoui,1,3210780,73000,390.72,3 Big Mistakes in Your English Listening,2026-07-25 11:35:17.479934
warteks,1,838065,24000,1471.64,Les mathématiques de la musique (avec Vled Tapas) — Science étonnante #41,2026-07-25 11:35:17.479934
world electronet,1,33692805,223000,2404.23,All Golden Buzzers Auditions on America's Got Talent 2018 | Got Talent Global,2026-07-25 11:35:17.479934
Çınar Yanar,1,15924747,123000,650.96,SLİME ÇEŞİTLERİNİ DENEDİK,2026-07-25 11:35:17.479934
ÖZGÜR BAYRAK,1,18724606,60000,5762.84,"Девчата (комедия, реж. Юрий Чулюкин, 1961 г.)",2026-07-25 11:35:17.479934
İdil Sipahi,5,1876939,36000,829.38,Bir Türkü Ancak Bu Kadar Mükemmel Okunur ! Fatma Aydoğan Ses Analizi,2026-07-25 11:35:17.479934
İsmail Aslan,1,9897947,31000,247.12,Grup Abdal - Altın Yüzüğüm Kırıldı [ Ozanca © 2013 Kalan Müzik ],2026-07-25 11:35:17.479934
İsmail Emre Kaya,1,1242779,10000,440.24,YALAN DÜNYA - Eser Eyüboğlu,2026-07-25 11:35:17.479934
Şeyh' O,1,4425339,42000,365.68,DOĞA İÇİN ÇAL - ALLI TURNAM - Turnalar Hep Uçsun,2026-07-25 11:35:17.479934
Şeyma Kul,1,91187,6600,648.84,Simurg'un Hikayesi ve Kendini Keşfetme Yolculuğu,2026-07-25 11:35:17.479934
Агличеев Михаил,1,10166847,186000,647.4,What Does Earth Look Like?,2026-07-25 11:35:17.479934
Женя Шустова,1,19461796,138000,250.84,Максим Фадеев feat. SEREBRO - Притяженья больше нет,2026-07-25 11:35:17.479934
Иевлева Катя,2,1756298,18200,1868.78,Раскопали Взорванный немецкий грузовик с интересными вещами Юрий Гагарин,2026-07-25 11:35:17.479934
Сергей Макаренко,1,62347114,575000,3021.28,Top 10 Unforgettable Golden Buzzers on America's Got Talent | Got Talent Global,2026-07-25 11:35:17.479934
Софья Акишева,1,4809825,118000,661.7,I Tried Magnetic Eyelashes,2026-07-25 11:35:17.479934
Таня Тодорова,1,18434529,293000,608.4,Scientists Finally Discovered the Truth About Easter Island,2026-07-25 11:35:17.479934
سعودي في تركيا,1,15989074,70000,551.96,DOĞA İÇİN ÇAL 2 - UZUN İNCE BİR YOLDAYIM,2026-07-25 11:35:17.479934
スターターズ!!!!,2,4955187,90000,858.52,How Big is Toyota? (They’ve Owned 27% of Tesla Motors!),2026-07-25 11:35:17.479934
我們不懂,1,3237224,41000,717.48,Riemann's paradox:     pi = infinity minus infinity,2026-07-25 11:35:17.479934
朝霧アサギ,1,4116817,74000,461.39,미국 / 영국 / 호주 영어의 다양한 단어 차이 [KoreanBilly’s English],2026-07-25 11:35:17.479934
